{"cameraMode":{"drawMode":0,"name":"Shaded","section":"Shading Mode"},"sceneLighting":true,"audioPlay":false,"sceneViewState":{"showFog":true,"showMaterialUpdate":false,"showSkybox":true,"showFlares":true,"showImageEffects":true,"showParticleSystems":true},"in2DMode":false,"pivot":{"x":44.63035583496094,"y":50.94697570800781,"z":-55.03570556640625},"rotation":{"x":-0.17325535416603089,"y":0.28133097290992739,"z":-0.051719989627599719,"w":-0.9424226880073547},"size":22.0,"orthographic":false}