{"cameraMode":{"drawMode":0,"name":"Shaded","section":"Shading Mode"},"sceneLighting":false,"audioPlay":false,"sceneViewState":{"showFog":true,"showMaterialUpdate":false,"showSkybox":true,"showFlares":true,"showImageEffects":true,"showParticleSystems":true},"in2DMode":false,"pivot":{"x":0.23723077774047852,"y":18.505046844482423,"z":0.8675099611282349},"rotation":{"x":-0.2469506859779358,"y":0.5952795147895813,"z":-0.1991272121667862,"w":-0.7382452487945557},"size":9.20511245727539,"orthographic":false}